A,teacher,can,nurture,and,help,a,students,ideas,flourish,and,grow,.,Much,like,a,gardener,a,teacher,can,plant,seeds,of,knowledge,metaphor,and,see,them,through,to,fruition,.,This,sounds,about,right,to,me,.,,,,,,,,,,,,,,,,,,,,,,,,,,,,,,,,,,,,,,,,,,,,,,,,,,,,,,,,,,,,,,
This,is,a,good,metaphor,.,Students,will,all,grow,.,By,definition,learning,is,growth,.,Some,will,learn,an,enormous,amount,while,others,not,so,much,.,With,good,nurturing,by,the,teacher,the,student,will,grow,stronger,faster,and,healthier,.,,,,,,,,,,,,,,,,,,,,,,,,,,,,,,,,,,,,,,,,,,,,,,,,,,,,,,,,,
You,can,not,weed,students,out,because,they,are,disruptive,or,failing,.,Nor,can,you,nurture,them,like,a,plant,.,You,have,to,give,them,the,tools,they,need,and,let,them,grow,on,their,own,.,,,,,,,,,,,,,,,,,,,,,,,,,,,,,,,,,,,,,,,,,,,,,,,,,,,,,,,,,,,,,,
Every,time,the,teacher,teaches,a,child,they,become,a,plant,in,their,garden,of,affect,.,,,,,,,,,,,,,,,,,,,,,,,,,,,,,,,,,,,,,,,,,,,,,,,,,,,,,,,,,,,,,,,,,,,,,,,,,,,,,,,,,,,,
This,is,more,of,something,I,agree,with,because,there,is,some,chance,that,a,plant,will,not,develop,.,Like,a,student,that,may,fail,a,class,even,with,correct,watering,.,,,,,,,,,,,,,,,,,,,,,,,,,,,,,,,,,,,,,,,,,,,,,,,,,,,,,,,,,,,,,,,,,,,,
The,teacher,plants,the,seed,into,the,student,and,the,student,grows,from,there,.,The,teacher,continues,to,mend,the,garden,and,the,students,learn,and,grow,from,what,they,are,taught,and,instructed,.,,,,,,,,,,,,,,,,,,,,,,,,,,,,,,,,,,,,,,,,,,,,,,,,,,,,,,,,,,,,,,,,,
This,makes,sense,because,the,teachers,are,providing,knowledge,which,is,like,water,and,the,students,are,supposed,to,absorb,it,.,,,,,,,,,,,,,,,,,,,,,,,,,,,,,,,,,,,,,,,,,,,,,,,,,,,,,,,,,,,,,,,,,,,,,,,,,,,,,,,
A,teacher,is,like,the,gardener,who,plants,the,educational,seeds,into,the,students,as,flowers,would,in,a,garden,and,helps,them,to,grow,to,their,full,potential,as,learners,.,,,,,,,,,,,,,,,,,,,,,,,,,,,,,,,,,,,,,,,,,,,,,,,,,,,,,,,,,,,,,,,,,,,,,
I,can,see,how,this,could,be,used,as,a,metaphor,although,I,like,the,ship,captain,one,better,.,The,teacher,can,most,definitely,be,compared,to,a,gardener,as,it,is,his,or,her,responsibility,to,plant,that,seed,of,learning,bring,the,material,to,life,and,nourish,that,curiosity,into,a,sturdy,mastery,of,the,material,.,,,,,,,,,,,,,,,,,,,,,,,,,,,,,,,,,,,,,,,,,
I,agree,since,the,professors,are,the,ones,who,sow,information,so,that,they,flower,professionals,.,,,,,,,,,,,,,,,,,,,,,,,,,,,,,,,,,,,,,,,,,,,,,,,,,,,,,,,,,,,,,,,,,,,,,,,,,,,,,,,,,,,,
This,is,a,good,metaphor,.,It,implies,that,the,teacher,is,planting,seeds,of,knowledge,in,his,students,and,can,nurture,and,watch,them,grow,.,,,,,,,,,,,,,,,,,,,,,,,,,,,,,,,,,,,,,,,,,,,,,,,,,,,,,,,,,,,,,,,,,,,,,,,,,,
I,do,believe,teachers,are,like,gardeners,.,They,chose,how,to,mold,the,information,in,the,student,just,as,a,gardener,choses,how,to,help,the,plant,grow,.,They,can,use,a,certain,fertilizer,make,sure,it,is,watered,at,certain,times,.,The,teacher,is,able,to,grow,the,student,and,help,them,become,stronger,and,smarter,on,the,particular,subject,.,,,,,,,,,,,,,,,,,,,,,,,,,,,,,,,,,,,,
A,teacher,provides,the,resources,and,information,for,students,to,grow,as,educators,.,Especially,at,the,entry,level,college,classes,are,more,than,just,absorbing,information,and,vomiting,it,back,to,the,professor,in,paper,or,exam,form,.,The,best,teachers,help,students,become,successful,learners,and,provide,them,with,the,skills,necessary,to,succeed,rather,than,simply,feeding,them,the,answers,.,,,,,,,,,,,,,,,,,,,,,,,,,,,,,,,,,,,,
Plants,serve,a,purpose,and,a,gardner,tends,and,monitors,the,plants,to,make,them,grow,.,Teacher,need,to,make,students,useful,and,tend,to,them,and,let,them,grow,,,,,,,,,,,,,,,,,,,,,,,,,,,,,,,,,,,,,,,,,,,,,,,,,,,,,,,,,,,,,,,,,,,,,,
This,is,just,like,the,clay,analogy,.,The,teacher,is,in,control,here,.,They,have,all,of,the,power,.,They,decide,whether,or,not,the,garden,is,beautiful,or,not,.,They,do,have,a,vested,interest,in,helping,the,students,grow,but,the,students,have,no,say,in,the,matter,.,The,just,respond,to,stimuli,,,,,,,,,,,,,,,,,,,,,,,,,,,,,,,,,,,,,,,,,
The,professor,helps,them,grow,to,become,successful,.,The,professor,has,plenty,of,resources,needed,to,help,students,.,If,students,are,like,the,plants,than,they,can,live,off,of,the,professor,to,get,what,they,need,and,to,grow,.,,,,,,,,,,,,,,,,,,,,,,,,,,,,,,,,,,,,,,,,,,,,,,,,,,,,,,,,,,
Somewhat,agree,in,the,sense,that,a,good,teacher,can,plant,the,seeds,of,new,ideas,in,a,new,student,and,help,weed,out,the,bad,ideas,that,might,hold,them,back,.,,,,,,,,,,,,,,,,,,,,,,,,,,,,,,,,,,,,,,,,,,,,,,,,,,,,,,,,,,,,,,,,,,,,
This,metaphor,makes,the,teacher,seems,like,someone,who,is,invested,in,their,students,and,wants,them,to,reach,their,full,potential,with,careful,and,consistent,attention,.,The,teachers,will,one,day,reap,what,they,sow,in,seeing,their,students,become,successful,in,their,field,of,study,.,,,,,,,,,,,,,,,,,,,,,,,,,,,,,,,,,,,,,,,,,,,,,,,,,,,,
The,teacher,spends,time,tending,to,their,students,just,like,a,gardener,does,and,doing,things,to,nurture,them,and,help,them,grow,like,water,them,give,them,food,make,sure,they,have,good,conditions,to,thrive,.,If,they,do,this,they,will,grow,and,thrive,.,If,they,neglect,the,students,they,will,wilt,and,not,learn,.,,,,,,,,,,,,,,,,,,,,,,,,,,,,,,,,,,,,,,,,,
I,could,see,this,being,apt,if,the,students,are,getting,a,lot,from,the,experience,and,growing,like,a,plant,.,But,this,metaphor,places,more,of,the,responsibility,on,the,teacher,and,in,real,life,it,is,the,students,who,have,to,mature,or,wither,not,the,gardener,.,,,,,,,,,,,,,,,,,,,,,,,,,,,,,,,,,,,,,,,,,,,,,,,,,,
The,teacher,is,watering,the,students,with,knowledge,and,feeding,them,nutrients,so,that,they,can,grow,big,and,strong,.,,,,,,,,,,,,,,,,,,,,,,,,,,,,,,,,,,,,,,,,,,,,,,,,,,,,,,,,,,,,,,,,,,,,,,,,,,,,,,,,
I,could,see,what,they,mean,.,The,gardener,works,to,care,for,and,tend,to,the,plants,.,If,they,dont,take,careful,action,the,plants,could,wither,away,to,nothing,.,They,could,also,grow,out,of,control,.,A,gardener,would,provide,what,they,need,to,grow,properly,.,,,,,,,,,,,,,,,,,,,,,,,,,,,,,,,,,,,,,,,,,,,,,,,,,
This,metaphor,makes,sense,since,gardeners,cultivate,plants,like,teachers,have,to,cultivate,students,to,foster,a,positive,learning,experience,and,environment,.,,,,,,,,,,,,,,,,,,,,,,,,,,,,,,,,,,,,,,,,,,,,,,,,,,,,,,,,,,,,,,,,,,,,,,,,,,,,,,
This,metaphor,is,more,appropriate,than,the,last,one,.,Teachers,do,tend,to,their,students,nurturing,them,and,helping,them,grow,.,They,can,even,be,the,people,who,remove,obstacles,i.e,.,weeds,from,the,students,growth,.,The,problem,is,that,the,teacher,didnt,plant,the,students,.,Their,parents,did,.,their,parents,instilled,a,basic,love,for,learning,or,for,subject,matter,so,the,students,would,want,to,grow,in,that,area,.,,,,,,,,,,,,,,,,,,,,,,,
This,is,another,good,one,.,Just,like,the,gardener,is,caring,for,and,feeding,and,watching,over,his,plants,the,college,teacher,is,doing,the,same,for,his,students,.,,,,,,,,,,,,,,,,,,,,,,,,,,,,,,,,,,,,,,,,,,,,,,,,,,,,,,,,,,,,,,,,,,,,,,
Again,I,think,this,is,somewhat,TRUE,because,a,gardner,can,determine,the,outcome,of,his,or,her,plants,by,taking,good,care,teaching,well,of,the,plants,or,hurting,the,plants,by,ignoring,them,teaching,poorly,.,,,,,,,,,,,,,,,,,,,,,,,,,,,,,,,,,,,,,,,,,,,,,,,,,,,,,,,,,,,,,,,
Yes,every,lecture,the,teacher,is,showering,the,little,growing,students,with,knowledge,so,they,can,grow,as,a,person,.,,,,,,,,,,,,,,,,,,,,,,,,,,,,,,,,,,,,,,,,,,,,,,,,,,,,,,,,,,,,,,,,,,,,,,,,,,,,,,,,
A,teacher,is,the,person,responsible,for,planting,seeds,of,knowledge,into,their,students,.,Just,like,a,good,gardener,the,teacher,will,continue,to,provide,aspects,such,as,encouragement,and,learning,materials,to,prepare,students,for,a,lifetime,of,learning,.,,,,,,,,,,,,,,,,,,,,,,,,,,,,,,,,,,,,,,,,,,,,,,,,,,,,,,,,,,,
I,think,it,is,obvious,that,this,metaphor,works,.,The,teacher,is,growing,the,students,mind,by,nourishing,it,with,more,information,and,knowledge,.,That,is,good,information,and,good,knowledge,.,,,,,,,,,,,,,,,,,,,,,,,,,,,,,,,,,,,,,,,,,,,,,,,,,,,,,,,,,,,,,,,,,,,
I,could,agree,with,that,.,the,teacher,is,feeding,their,brains,but,up,to,them,to,eat,.,,,,,,,,,,,,,,,,,,,,,,,,,,,,,,,,,,,,,,,,,,,,,,,,,,,,,,,,,,,,,,,,,,,,,,,,,,,,,,,,,,
I,think,this,is,a,very,accurate,description,as,a,teacher,must,tend,the,students,minds,much,like,plants,.,The,gardener,does,all,they,can,to,guide,the,plants,in,the,right,direction,but,it,is,ultimately,on,them,to,grow,.,,,,,,,,,,,,,,,,,,,,,,,,,,,,,,,,,,,,,,,,,,,,,,,,,,,,,,,,,,
The,teacher,knows,how,the,plants,need,to,grow,in,order,to,be,strong,and,fullydeveloped,.,Students,rely,on,the,teacher,for,information,and,support,just,like,plants,rely,on,the,gardener,for,care,and,support,.,,,,,,,,,,,,,,,,,,,,,,,,,,,,,,,,,,,,,,,,,,,,,,,,,,,,,,,,,,,,,,,
A,teacher,provides,mental,nourishment,to,the,minds,of,the,students,like,plants,tended,by,a,gardener,.,,,,,,,,,,,,,,,,,,,,,,,,,,,,,,,,,,,,,,,,,,,,,,,,,,,,,,,,,,,,,,,,,,,,,,,,,,,,,,,,,,,
I,agree,with,this,because,it,means,that,teachers,plant,ideas,into,their,heads,and,then,the,students,use,that,information,to,grow,.,Whether,or,not,they,agree,with,the,info,they,still,have,that,information,in,their,minds,.,,,,,,,,,,,,,,,,,,,,,,,,,,,,,,,,,,,,,,,,,,,,,,,,,,,,,,,,,,,,
I,think,this,is,pretty,TRUE,because,students,have,the,opportunity,to,grow,in,a,class,.,A,teacher,can,cultivate,them,and,help,them,learn,and,develop,into,something,bigger,and,stronger,.,,,,,,,,,,,,,,,,,,,,,,,,,,,,,,,,,,,,,,,,,,,,,,,,,,,,,,,,,,,,,,,,,,,
The,teacher,tends,to,the,students,and,helps,them,grow,with,daily,care,.,The,teacher,provides,an,environment,for,growth,.,,,,,,,,,,,,,,,,,,,,,,,,,,,,,,,,,,,,,,,,,,,,,,,,,,,,,,,,,,,,,,,,,,,,,,,,,,,,,,,
This,is,just,like,the,sculptor,metaphor,.,These,are,getting,to,be,redundant,.,The,teacher,waters,the,students,with,knowledge,and,they,grow,.,,,,,,,,,,,,,,,,,,,,,,,,,,,,,,,,,,,,,,,,,,,,,,,,,,,,,,,,,,,,,,,,,,,,,,,,,,,
The,teacher,as,the,gardener,can,not,mold,the,students,as,flowers,.,The,student,can,choose,to,learn,the,material,by,themselves,.,A,flower,can,not,grow,without,the,nutrients,provided,by,the,gardener,.,,,,,,,,,,,,,,,,,,,,,,,,,,,,,,,,,,,,,,,,,,,,,,,,,,,,,,,,,,,,,,,,
A,teacher,carefully,cultivates,the,student,into,becoming,a,successful,person,.,The,teacher,gives,the,student,the,things,the,student,needs,to,successfully,grown,into,a,productive,person,just,like,a,gardener,cultivates,the,plant,.,,,,,,,,,,,,,,,,,,,,,,,,,,,,,,,,,,,,,,,,,,,,,,,,,,,,,,,,,,,,,,,,
This,is,a,decent,metaphor,.,The,teachers,impart,knowledge,that,helps,the,students,grow,just,like,a,gardener,feeds,and,waters,the,plants,to,help,them,grow,.,,,,,,,,,,,,,,,,,,,,,,,,,,,,,,,,,,,,,,,,,,,,,,,,,,,,,,,,,,,,,,,,,,,,,,,,
College,teachers,try,to,cultivate,strong,thinking,skills,.,The,course,a,student,is,on,is,pretty,set,like,a,plant,but,as,with,gardening,a,teacher,can,influence,how,well,a,student,grows,in,their,thinking,.,,,,,,,,,,,,,,,,,,,,,,,,,,,,,,,,,,,,,,,,,,,,,,,,,,,,,,,,,,,,,,,
Teachers,help,students,grow,just,like,plants,in,a,garden,start,off,as,a,seed,and,nothing,then,they,grow,because,they,are,being,taken,care,of,.,,,,,,,,,,,,,,,,,,,,,,,,,,,,,,,,,,,,,,,,,,,,,,,,,,,,,,,,,,,,,,,,,,,,,,,,,
Teachers,have,to,water,their,students,with,knowledge,.,They,feed,knowledge,to,their,students,and,have,to,keep,their,brains,fresh,and,neat,.,,,,,,,,,,,,,,,,,,,,,,,,,,,,,,,,,,,,,,,,,,,,,,,,,,,,,,,,,,,,,,,,,,,,,,,,,,,,
This,seems,very,similar,to,the,sculptor,or,clay,metaphor,and,I,agree,with,it,to,a,degree,.,The,growing,and,learning,of,the,students,is,largely,in,the,hands,of,the,professor,.,They,are,the,ones,who,know,where,theyre,going,and,how,they,have,to,get,there,.,However,just,like,with,the,previous,metaphor,this,one,fails,to,place,onus,on,the,students,themselves,.,Plants,do,basically,nothing,but,sit,there,.,Students,must,be,far,more,active,in,their,own,educations,to,learn,or,accomplish,anything,regardless,of,the,actions,of,the,teacher,.
A,teacher,is,like,a,gardener,and,students,are,like,plants,because,the,water,is,the,knowledge,that,the,teacher,is,giving,the,students,.,The,more,knowledge,the,more,the,students,have,a,chance,to,grow,.,,,,,,,,,,,,,,,,,,,,,,,,,,,,,,,,,,,,,,,,,,,,,,,,,,,,,,,,,,,,,,,
A,teacher,is,like,a,gardener,since,they,are,attending,to,the,plants,students,and,giving,them,nourishment,in,the,form,of,knowledge,.,,,,,,,,,,,,,,,,,,,,,,,,,,,,,,,,,,,,,,,,,,,,,,,,,,,,,,,,,,,,,,,,,,,,,,,,,,,,,
